-- Version enrichie et plus variee de InsertValues.sql
-- Compatible avec le schema actuel du depot :
-- tables Role et Session, et colonne Biblio.Messag

INSERT INTO Utilisateur (idUsr, Pseudo, Mdp, Nationalite) VALUES
(1, 'alice', 'mdp1', 'France'),
(2, 'bob', 'mdp2', 'Vietnam'),
(3, 'charlie', 'mdp3', 'Canada'),
(4, 'diane', 'mdp4', 'Japon'),
(5, 'eve', 'mdp5', 'Allemagne'),
(6, 'farid', 'mdp6', 'Maroc'),
(7, 'giulia', 'mdp7', 'Italie'),
(8, 'hugo', 'mdp8', 'Bresil'),
(9, 'ines', 'mdp9', 'Espagne'),
(10, 'jun', 'mdp10', 'Coree du Sud'),
(11, 'karl', 'mdp11', 'Suede'),
(12, 'lea', 'mdp12', 'Belgique');

INSERT INTO Jeu (idJeu, Nom, Prix) VALUES
(1, 'Elden Ring', 59.99),
(2, 'Hades', 24.99),
(3, 'Celeste', 19.99),
(4, 'Portal 2', 9.99),
(5, 'Hollow Knight', 14.99),
(6, 'Stardew Valley', 13.99),
(7, 'Civilization VI', 59.99),
(8, 'Disco Elysium', 39.99),
(9, 'Slay the Spire', 24.99),
(10, 'The Witcher 3', 29.99),
(11, 'Terraria', 9.99),
(12, 'Factorio', 35.00),
(13, 'Dead Cells', 24.99),
(14, 'Outer Wilds', 22.99),
(15, 'Balatro', 13.99),
(16, 'Vampire Survivors', 4.99),
(17, 'Ori and the Blind Forest', 19.99),
(18, 'It Takes Two', 39.99),
(19, 'RimWorld', 34.99),
(20, 'Dota 2', 0.00),
(21, 'Gris', 16.99),
(22, 'No Mans Sky', 59.99);

INSERT INTO Studio (NomStudio) VALUES
('FromSoftware'),
('Bandai Namco'),
('Supergiant Games'),
('Maddy Makes Games'),
('Valve'),
('Team Cherry'),
('ConcernedApe'),
('Firaxis Games'),
('2K'),
('ZA/UM'),
('Mega Crit'),
('CD Projekt Red'),
('Re-Logic'),
('Wube Software'),
('Motion Twin'),
('Mobius Digital'),
('Annapurna Interactive'),
('LocalThunk'),
('Playstack'),
('poncle'),
('Moon Studios'),
('Xbox Game Studios'),
('Hazelight Studios'),
('Electronic Arts'),
('Ludeon Studios'),
('Nomada Studio'),
('Devolver Digital'),
('Hello Games');

INSERT INTO Genre (NomGenre) VALUES
('RPG'),
('Rogue-like'),
('Plateforme'),
('Action'),
('Aventure'),
('Puzzle'),
('Simulation'),
('Strategie'),
('Indie'),
('Gestion'),
('Narratif'),
('Card Game'),
('Sandbox'),
('Coop');

INSERT INTO `Role` (NomRole) VALUES
('Developpeur'),
('Editeur'),
('CoDeveloppeur');

INSERT INTO Biblio (idUsr, idJeu, Statut, DateAjout, Note, Messag) VALUES
(1, 1, 'possede', '2026-01-10', 4.50, 'Monde ouvert tres riche'),
(1, 2, 'possede', '2026-01-14', 5.00, 'Excellent systeme de combat'),
(1, 5, 'possede', '2026-02-02', 4.80, 'DA superbe'),
(1, 15, 'possede', '2026-03-01', 4.60, 'Tres addictif'),
(1, 10, 'wishlist', '2026-03-08', NULL, NULL),
(1, 22, 'wishlist', '2026-03-11', NULL, NULL),
(2, 2, 'possede', '2026-01-05', 4.20, 'Runs rapides et efficaces'),
(2, 6, 'possede', '2026-01-20', 4.70, 'Tres detendant'),
(2, 9, 'possede', '2026-02-11', 4.40, 'Deckbuilding solide'),
(2, 16, 'possede', '2026-03-03', NULL, NULL),
(2, 7, 'wishlist', '2026-03-12', NULL, NULL),
(2, 12, 'wishlist', '2026-03-15', NULL, NULL),
(3, 3, 'possede', '2026-01-09', 5.00, 'Exigeant mais touchant'),
(3, 4, 'possede', '2026-01-12', 4.60, 'Toujours brillant'),
(3, 8, 'possede', '2026-02-18', 4.90, 'Ecriture remarquable'),
(3, 14, 'possede', '2026-03-05', 4.70, 'Exploration memorable'),
(3, 18, 'wishlist', '2026-03-10', NULL, NULL),
(4, 5, 'possede', '2026-01-08', 4.90, 'Excellent level design'),
(4, 8, 'possede', '2026-01-30', 4.50, 'Univers tres fort'),
(4, 17, 'possede', '2026-02-25', 4.40, 'Tres beau plateformer'),
(4, 1, 'wishlist', '2026-03-07', NULL, NULL),
(4, 20, 'wishlist', '2026-03-16', NULL, NULL),
(5, 4, 'possede', '2026-01-03', 4.10, 'Coop tres reussie'),
(5, 7, 'possede', '2026-01-27', 4.30, 'Une bonne profondeur'),
(5, 10, 'possede', '2026-02-13', 4.80, 'Quetes excellentes'),
(5, 19, 'possede', '2026-03-02', NULL, NULL),
(5, 6, 'wishlist', '2026-03-20', NULL, NULL),
(5, 21, 'wishlist', '2026-03-21', NULL, NULL),
(6, 11, 'possede', '2026-01-06', 4.40, 'Toujours efficace'),
(6, 12, 'possede', '2026-01-25', 4.90, 'Gestion tres propre'),
(6, 20, 'possede', '2026-02-09', 3.80, 'Bien avec des amis'),
(6, 1, 'wishlist', '2026-03-14', NULL, NULL),
(6, 22, 'wishlist', '2026-03-18', NULL, NULL),
(7, 6, 'possede', '2026-01-11', 4.50, 'Routine cozy tres agreable'),
(7, 13, 'possede', '2026-02-06', 4.30, 'Tres nerveux'),
(7, 15, 'possede', '2026-02-28', 4.80, 'Simple et genial'),
(7, 21, 'possede', '2026-03-06', 4.70, 'Tres poetique'),
(7, 3, 'wishlist', '2026-03-12', NULL, NULL),
(7, 14, 'wishlist', '2026-03-17', NULL, NULL),
(8, 7, 'possede', '2026-01-15', 4.00, 'Parties longues mais riches'),
(8, 18, 'possede', '2026-02-04', 4.90, 'Excellent jeu en duo'),
(8, 20, 'possede', '2026-02-26', 3.50, 'Competitif'),
(8, 10, 'wishlist', '2026-03-09', NULL, NULL),
(8, 22, 'wishlist', '2026-03-19', NULL, NULL),
(9, 3, 'possede', '2026-01-13', 4.80, 'Precision remarquable'),
(9, 14, 'possede', '2026-02-10', 4.60, 'Mystere bien dose'),
(9, 17, 'possede', '2026-02-22', 4.70, 'Direction artistique forte'),
(9, 21, 'possede', '2026-03-07', 4.50, 'Tres elegant'),
(9, 5, 'wishlist', '2026-03-18', NULL, NULL),
(10, 1, 'possede', '2026-01-16', 4.70, 'Beaucoup de contenu'),
(10, 9, 'possede', '2026-02-01', 4.10, 'Runs bien calibres'),
(10, 16, 'possede', '2026-02-14', 4.30, 'Rapide a prendre en main'),
(10, 22, 'possede', '2026-03-04', 4.00, 'Belle sensation de voyage'),
(10, 2, 'wishlist', '2026-03-11', NULL, NULL),
(10, 11, 'wishlist', '2026-03-13', NULL, NULL),
(11, 12, 'possede', '2026-01-18', 4.80, 'Usines tres satisfaisantes'),
(11, 19, 'possede', '2026-02-08', 4.60, 'Gestion emergente'),
(11, 20, 'possede', '2026-03-01', NULL, NULL),
(11, 7, 'wishlist', '2026-03-12', NULL, NULL),
(11, 18, 'wishlist', '2026-03-16', NULL, NULL),
(12, 4, 'possede', '2026-01-07', 4.50, 'Humour toujours efficace'),
(12, 6, 'possede', '2026-01-22', 4.40, 'Jeu tres confortable'),
(12, 15, 'possede', '2026-02-20', 4.90, 'Encore une partie'),
(12, 18, 'possede', '2026-03-08', 4.80, 'Vraiment excellent a deux'),
(12, 8, 'wishlist', '2026-03-17', NULL, NULL),
(12, 13, 'wishlist', '2026-03-19', NULL, NULL);

INSERT INTO `Session` (idSession, idUsr, idJeu, DateDebut, DateFin) VALUES
(1, 1, 1, '2026-03-18 10:00:00', '2026-03-18 12:10:00'),
(2, 1, 2, '2026-03-19 21:00:00', '2026-03-19 22:20:00'),
(3, 1, 5, '2026-03-22 18:00:00', '2026-03-22 20:05:00'),
(4, 1, 15, '2026-03-28 23:00:00', '2026-03-28 23:55:00'),
(5, 2, 2, '2026-03-16 19:30:00', '2026-03-16 20:50:00'),
(6, 2, 6, '2026-03-17 18:10:00', '2026-03-17 19:40:00'),
(7, 2, 9, '2026-03-23 21:00:00', '2026-03-23 22:05:00'),
(8, 2, 16, '2026-03-29 22:15:00', '2026-03-29 23:00:00'),
(9, 3, 3, '2026-03-11 17:00:00', '2026-03-11 18:00:00'),
(10, 3, 4, '2026-03-13 20:00:00', '2026-03-13 20:55:00'),
(11, 3, 8, '2026-03-20 21:10:00', '2026-03-20 22:45:00'),
(12, 3, 14, '2026-03-27 16:00:00', '2026-03-27 17:25:00'),
(13, 4, 5, '2026-03-10 19:00:00', '2026-03-10 21:05:00'),
(14, 4, 8, '2026-03-14 20:30:00', '2026-03-14 21:40:00'),
(15, 4, 17, '2026-03-21 15:00:00', '2026-03-21 16:20:00'),
(16, 4, 5, '2026-03-30 22:00:00', '2026-03-30 23:10:00'),
(17, 5, 4, '2026-03-09 18:30:00', '2026-03-09 19:15:00'),
(18, 5, 7, '2026-03-15 14:00:00', '2026-03-15 16:30:00'),
(19, 5, 10, '2026-03-24 20:00:00', '2026-03-24 22:40:00'),
(20, 5, 19, '2026-03-29 09:00:00', '2026-03-29 11:10:00'),
(21, 6, 11, '2026-03-12 17:30:00', '2026-03-12 18:50:00'),
(22, 6, 12, '2026-03-18 19:00:00', '2026-03-18 21:45:00'),
(23, 6, 20, '2026-03-22 21:30:00', '2026-03-22 22:40:00'),
(24, 6, 12, '2026-03-30 18:00:00', '2026-03-30 19:50:00'),
(25, 7, 6, '2026-03-11 08:00:00', '2026-03-11 09:10:00'),
(26, 7, 13, '2026-03-16 20:00:00', '2026-03-16 21:15:00'),
(27, 7, 15, '2026-03-25 22:30:00', '2026-03-25 23:20:00'),
(28, 7, 21, '2026-03-29 18:00:00', '2026-03-29 19:10:00'),
(29, 8, 7, '2026-03-08 15:00:00', '2026-03-08 17:40:00'),
(30, 8, 18, '2026-03-12 21:00:00', '2026-03-12 22:50:00'),
(31, 8, 20, '2026-03-18 23:00:00', '2026-03-18 23:55:00'),
(32, 8, 18, '2026-03-26 20:30:00', '2026-03-26 22:10:00'),
(33, 9, 3, '2026-03-10 19:20:00', '2026-03-10 20:10:00'),
(34, 9, 14, '2026-03-17 16:10:00', '2026-03-17 17:30:00'),
(35, 9, 17, '2026-03-23 18:00:00', '2026-03-23 19:25:00'),
(36, 9, 21, '2026-03-30 21:00:00', '2026-03-30 21:50:00'),
(37, 10, 1, '2026-03-09 20:00:00', '2026-03-09 22:30:00'),
(38, 10, 9, '2026-03-15 19:00:00', '2026-03-15 20:05:00'),
(39, 10, 16, '2026-03-20 22:00:00', '2026-03-20 22:50:00'),
(40, 10, 22, '2026-03-28 17:00:00', '2026-03-28 18:40:00'),
(41, 11, 12, '2026-03-14 14:00:00', '2026-03-14 16:30:00'),
(42, 11, 19, '2026-03-19 20:00:00', '2026-03-19 22:10:00'),
(43, 11, 20, '2026-03-24 21:00:00', '2026-03-24 22:20:00'),
(44, 11, 19, '2026-03-30 10:00:00', '2026-03-30 11:45:00'),
(45, 12, 4, '2026-03-13 18:00:00', '2026-03-13 18:50:00'),
(46, 12, 6, '2026-03-19 17:30:00', '2026-03-19 18:35:00'),
(47, 12, 15, '2026-03-25 21:30:00', '2026-03-25 22:20:00'),
(48, 12, 18, '2026-03-31 20:00:00', '2026-03-31 21:45:00');

INSERT INTO Creation (idCreation, NomStudio, NomRole, idJeu) VALUES
(1, 'FromSoftware', 'Developpeur', 1),
(2, 'Bandai Namco', 'Editeur', 1),
(3, 'Supergiant Games', 'Developpeur', 2),
(4, 'Supergiant Games', 'Editeur', 2),
(5, 'Maddy Makes Games', 'Developpeur', 3),
(6, 'Maddy Makes Games', 'Editeur', 3),
(7, 'Valve', 'Developpeur', 4),
(8, 'Valve', 'Editeur', 4),
(9, 'Team Cherry', 'Developpeur', 5),
(10, 'Team Cherry', 'Editeur', 5),
(11, 'ConcernedApe', 'Developpeur', 6),
(12, 'ConcernedApe', 'Editeur', 6),
(13, 'Firaxis Games', 'Developpeur', 7),
(14, '2K', 'Editeur', 7),
(15, 'ZA/UM', 'Developpeur', 8),
(16, 'ZA/UM', 'Editeur', 8),
(17, 'Mega Crit', 'Developpeur', 9),
(18, 'Mega Crit', 'Editeur', 9),
(19, 'CD Projekt Red', 'Developpeur', 10),
(20, 'CD Projekt Red', 'Editeur', 10),
(21, 'Re-Logic', 'Developpeur', 11),
(22, 'Re-Logic', 'Editeur', 11),
(23, 'Wube Software', 'Developpeur', 12),
(24, 'Wube Software', 'Editeur', 12),
(25, 'Motion Twin', 'Developpeur', 13),
(26, 'Motion Twin', 'Editeur', 13),
(27, 'Mobius Digital', 'Developpeur', 14),
(28, 'Annapurna Interactive', 'Editeur', 14),
(29, 'LocalThunk', 'Developpeur', 15),
(30, 'Playstack', 'Editeur', 15),
(31, 'poncle', 'Developpeur', 16),
(32, 'poncle', 'Editeur', 16),
(33, 'Moon Studios', 'Developpeur', 17),
(34, 'Xbox Game Studios', 'Editeur', 17),
(35, 'Hazelight Studios', 'Developpeur', 18),
(36, 'Electronic Arts', 'Editeur', 18),
(37, 'Ludeon Studios', 'Developpeur', 19),
(38, 'Ludeon Studios', 'Editeur', 19),
(39, 'Valve', 'Developpeur', 20),
(40, 'Valve', 'Editeur', 20),
(41, 'Nomada Studio', 'Developpeur', 21),
(42, 'Devolver Digital', 'Editeur', 21),
(43, 'Hello Games', 'Developpeur', 22),
(44, 'Hello Games', 'Editeur', 22);

INSERT INTO Appartient (idJeu, NomGenre) VALUES
(1, 'RPG'),
(1, 'Action'),
(2, 'Rogue-like'),
(2, 'Action'),
(2, 'Indie'),
(3, 'Plateforme'),
(3, 'Indie'),
(4, 'Puzzle'),
(4, 'Aventure'),
(5, 'Action'),
(5, 'Aventure'),
(5, 'Indie'),
(6, 'Simulation'),
(6, 'Gestion'),
(6, 'Indie'),
(7, 'Strategie'),
(7, 'Gestion'),
(8, 'RPG'),
(8, 'Narratif'),
(8, 'Indie'),
(9, 'Rogue-like'),
(9, 'Card Game'),
(9, 'Indie'),
(10, 'RPG'),
(10, 'Aventure'),
(11, 'Sandbox'),
(11, 'Aventure'),
(12, 'Simulation'),
(12, 'Gestion'),
(12, 'Sandbox'),
(13, 'Action'),
(13, 'Rogue-like'),
(13, 'Indie'),
(14, 'Aventure'),
(14, 'Narratif'),
(14, 'Indie'),
(15, 'Card Game'),
(15, 'Indie'),
(16, 'Action'),
(16, 'Indie'),
(17, 'Plateforme'),
(17, 'Aventure'),
(18, 'Coop'),
(18, 'Aventure'),
(19, 'Simulation'),
(19, 'Gestion'),
(20, 'Action'),
(20, 'Strategie'),
(21, 'Narratif'),
(21, 'Indie'),
(22, 'Sandbox'),
(22, 'Aventure');